,Date,total_d,total_n,floyd_d,floyd_n,pbp_d,pbp_n,350_d,350_n,abe_d,abe_n
0,1/1/20,0,0,0,0,0,0,0,0,0,0
1,1/2/20,0,0,0,0,0,0,0,0,0,0
2,1/3/20,0,0,0,0,0,0,0,0,0,0
3,1/4/20,0,0,0,0,0,0,0,0,0,0
4,1/5/20,0,0,0,0,0,0,0,0,0,0
5,1/6/20,0,0,0,0,0,0,0,0,0,0
6,1/7/20,0,0,0,0,0,0,0,0,0,0
7,1/8/20,0,0,0,0,0,0,0,0,0,0
8,1/9/20,0,0,0,0,0,0,0,0,0,0
9,1/10/20,0,0,0,0,0,0,0,0,0,0
10,1/11/20,0,0,0,0,0,0,0,0,0,0
11,1/12/20,0,0,0,0,0,0,0,0,0,0
12,1/13/20,0,0,0,0,0,0,0,0,0,0
13,1/14/20,0,0,0,0,0,0,0,0,0,0
14,1/15/20,38,1.066666667,0,0,0,0,0,0,0,0
15,1/16/20,7.666666667,0.466666667,0,0,0,0,0,0,0,0
16,1/17/20,7.666666667,0.466666667,0,0,0,0,0,0,0,0
17,1/18/20,5.333333333,0.533333333,0,0,0,0,0,0,0,0
18,1/19/20,15.33333333,0.666666667,0,0,0,0,0,0,0,0
19,1/20/20,20.33333333,0.8,0,0,0,0,0,0,0,0
20,1/21/20,22.33333333,0.733333333,0,0,0,0,0,0,0,0
21,1/22/20,31.53333333,1.066666667,0,0,0,0,0,0,0,0
22,1/23/20,31.86666667,1.133333333,0,0,0,0,0,0,0,0
23,1/24/20,32.86666667,1.2,0,0,0,0,0,0,0,0
24,1/25/20,32.2,1.133333333,0,0,0,0,0,0,0,0
25,1/26/20,32.2,1.133333333,0,0,0,0,0,0,0,0
26,1/27/20,34.7,1.266666667,0,0,0,0,0,0,0,0
27,1/28/20,37.7,1.4,0,0,0,0,0,0,0,0
28,1/29/20,47.648,1.6,0,0,0,0,0,0,0,0
29,1/30/20,49.98133333,1.733333333,0,0,0,0,0,0,0,0
30,1/31/20,60.648,2.066666667,0,0,0,0,0,0,0,0
31,2/1/20,63.648,2.2,0,0,0,0,0,0,0,0
32,2/2/20,64.31466667,2.066666667,0,0,0,0,0,0,0,0
33,2/3/20,54.648,2,0,0,0,0,0,0,0,0
34,2/4/20,49.648,1.866666667,0,0,0,0,0,0,0,0
35,2/5/20,45.648,1.8,0,0,0,0,0,0,0,0
36,2/6/20,40.11466667,1.666666667,0,0,0,0,0,0,0,0
37,2/7/20,49.396,1.733333333,0,0,0,0,0,0,0,0
38,2/8/20,48.396,1.666666667,0,0,0,0,0,0,0,0
39,2/9/20,50.52933333,1.733333333,0,0,0,0,0,0,0,0
40,2/10/20,61.196,1.933333333,0,0,0,0,0,0,0,0
41,2/11/20,58.696,1.8,0,0,0,0,0,0,0,0
42,2/12/20,67.696,1.666666667,0,0,0,0,0,0,0,0
43,2/13/20,58.08133333,1.533333333,0,0,0,0,0,0,0,0
44,2/14/20,1040.821333,1.6,0,0,0,0,0,0,0,0
45,2/15/20,1033.821333,1.4,0,0,0,0,0,0,0,0
46,2/16/20,1030.821333,1.266666667,0,0,0,0,0,0,0,0
47,2/17/20,1029.488,1.266666667,0,0,0,0,0,0,0,0
48,2/18/20,1037.154667,1.466666667,0,0,0,0,0,0,0,0
49,2/19/20,1039.154667,1.533333333,0,0,0,0,0,0,0,0
50,2/20/20,1039.154667,1.533333333,0,0,0,0,0,0,0,0
51,2/21/20,1036.821333,1.4,0,0,0,0,0,0,0,0
52,2/22/20,1029.74,1.533333333,0,0,0,0,0,0,0,0
53,2/23/20,1030.073333,1.6,0,0,0,0,0,0,0,0
54,2/24/20,1028.94,1.6,0,0,0,0,0,0,0,0
55,2/25/20,1027.888,1.533333333,0,0,0,0,0,0,0,0
56,2/26/20,1027.888,1.533333333,0,0,0,0,0,0,0,0
57,2/27/20,1017.721333,1.6,0,0,0,0,0,0,0,0
58,2/28/20,1024.388,1.933333333,0,0,0,0,0,0,0,0
59,2/29/20,42.98133333,1.933333333,0,0,0,0,0,0,0,0
60,3/1/20,39.63866667,1.866666667,0,0,0,0,0,0,0,0
61,3/2/20,39.63866667,1.866666667,0,0,0,0,0,0,0,0
62,3/3/20,39.30533333,1.866666667,0,0,0,0,0,0,0,0
63,3/4/20,31.30533333,1.6,0,0,0,0,0,0,0,0
64,3/5/20,29.30533333,1.533333333,0,0,0,0,0,0,0,0
65,3/6/20,31.30533333,1.666666667,0,0,0,0,0,0,0,0
66,3/7/20,29.972,1.6,0,0,0,0,0,0,0,0
67,3/8/20,29.10533333,1.4,0,0,0,0,0,0,0,0
68,3/9/20,28.772,1.333333333,0,0,0,0,0,0,0,0
69,3/10/20,28.43866667,1.333333333,0,0,0,0,0,0,0,0
70,3/11/20,18.824,1.2,0,0,0,0,0,0,0,0
71,3/12/20,18.824,1.2,0,0,0,0,0,0,0,0
72,3/13/20,15.99066667,1.066666667,0,0,0,0,0,0,0,0
73,3/14/20,8.990666667,0.666666667,0,0,0,0,0,0,0,0
74,3/15/20,5.324,0.466666667,0.324,0.066666667,0,0,0,0,0,0
75,3/16/20,5,0.4,0,0,0,0,0,0,0,0
76,3/17/20,14.61466667,0.533333333,0,0,0,0,0,0,0,0
77,3/18/20,15.61466667,0.666666667,0,0,0,0,0,0,0,0
78,3/19/20,15.61466667,0.666666667,0,0,0,0,0,0,0,0
79,3/20/20,15.61466667,0.666666667,0,0,0,0,0,0,0,0
80,3/21/20,15.28133333,0.6,0,0,0,0,0,0,0,0
81,3/22/20,21.148,0.866666667,0,0,0,0,0,0,0,0
82,3/23/20,19.81466667,0.866666667,0,0,0,0,0,0,0,0
83,3/24/20,20.81466667,0.933333333,0,0,0,0,0,0,0,0
84,3/25/20,20.148,0.866666667,0,0,0,0,0,0,0,0
85,3/26/20,20.148,0.866666667,0,0,0,0,0,0,0,0
86,3/27/20,20.98133333,0.933333333,0,0,0,0,0,0,0,0
87,3/28/20,24.98133333,1.133333333,0,0,0,0,0,0,0,0
88,3/29/20,25.31466667,1.2,0,0,0,0,0,0,0,0
89,3/30/20,38.134,1.333333333,0,0,0,0,0,0,0,0
90,3/31/20,139.7486667,1.866666667,0,0,0,0,0,0,0,0
91,4/1/20,133.7913333,1.866666667,0.324,0.066666667,0,0,0,0,0,0
92,4/2/20,132.458,1.666666667,0.324,0.066666667,0,0,0,0,0,0
93,4/3/20,132.7913333,1.733333333,0.324,0.066666667,0,0,0,0,0,0
94,4/4/20,132.7913333,1.733333333,0.324,0.066666667,0,0,0,0,0,0
95,4/5/20,131.1246667,1.666666667,0.324,0.066666667,0,0,0,0,0,0
96,4/6/20,127.258,1.533333333,0.324,0.066666667,0,0,0,0,0,0
97,4/7/20,126.9246667,1.466666667,0.324,0.066666667,0,0,0,0,0,0
98,4/8/20,125.9246667,1.4,0.324,0.066666667,0,0,0,0,0,0
99,4/9/20,129.258,1.533333333,0.324,0.066666667,0,0,0,0,0,0
100,4/10/20,133.9246667,1.666666667,0.324,0.066666667,0,0,0,0,0,0
101,4/11/20,133.0913333,1.6,0.324,0.066666667,0,0,0,0,0,0
102,4/12/20,128.758,1.333333333,0.324,0.066666667,0,0,0,0,0,0
103,4/13/20,128.758,1.333333333,0.324,0.066666667,0,0,0,0,0,0
104,4/14/20,116.772,1.266666667,0.324,0.066666667,0,0,0,0,0,0
105,4/15/20,34.15733333,1.066666667,0.324,0.066666667,0,0,0,0,0,0
106,4/16/20,35.5,1.066666667,0,0,0,0,0,0,0,0
107,4/17/20,10035.5,1.133333333,0,0,0,0,0,0,0,0
108,4/18/20,10039.2,1.4,0,0,0,0,0,0,0,0
109,4/19/20,10048.81467,1.533333333,0,0,0,0,0,0,0,0
110,4/20/20,10048.81467,1.533333333,0,0,0,0,0,0,0,0
111,4/21/20,10046.81467,1.4,0,0,0,0,0,0,0,0
112,4/22/20,10048.68133,1.6,0,0,0,0,0,0,0,0
113,4/23/20,10076.68133,2.866666667,0,0,0,0,0,0,0,0
114,4/24/20,10081.01467,2.866666667,0,0,0,0,0,0,0,0
115,4/25/20,10078.01467,2.8,0,0,0,0,0,0,0,0
116,4/26/20,10081.348,2.866666667,0,0,0,0,0,0,0,0
117,4/27/20,10082.18133,2.933333333,0,0,0,0,0,0,0,0
118,4/28/20,10086.18133,3.133333333,0,0,0,0,0,0,0,0
119,4/29/20,10094.96267,3.2,0,0,0,0,0,0,0,0
120,4/30/20,10079.36267,3.066666667,0,0,0,0,0,0,0,0
121,5/1/20,10074.68667,3,0.324,0.066666667,0,0,0,0,0,0
122,5/2/20,74.68666667,2.933333333,0.324,0.066666667,0,0,0,0,0,0
123,5/3/20,70.98666667,2.666666667,0.324,0.066666667,0,0,0,0,0,0
124,5/4/20,61.372,2.533333333,0.324,0.066666667,0,0,0,0,0,0
125,5/5/20,66.572,2.733333333,0.324,0.066666667,0,0,0,0,0,0
126,5/6/20,69.23866667,2.933333333,0.324,0.066666667,0,0,0,0,0,0
127,5/7/20,67.372,2.733333333,0.324,0.066666667,8,0.8,0,0,0,0
128,5/8/20,39.372,1.466666667,0.324,0.066666667,0,0,0,0,0,0
129,5/9/20,31.70533333,1.333333333,0.324,0.066666667,0,0,0,0,0,0
130,5/10/20,31.03866667,1.4,0.324,0.066666667,0,0,0,0,0,0
131,5/11/20,27.70533333,1.333333333,0.324,0.066666667,0,0,0,0,0,0
132,5/12/20,26.872,1.266666667,0.324,0.066666667,0,0,0,0,0,0
133,5/13/20,22.872,1.066666667,0.324,0.066666667,0,0,0,0,0,0
134,5/14/20,24.59066667,1,0.324,0.066666667,0,0,0,0,0,0
135,5/15/20,21.19066667,0.8,0.324,0.066666667,0,0,0,0,0,0
136,5/16/20,20.86666667,0.733333333,0,0,0,0,0,0,0,0
137,5/17/20,28.2,0.933333333,0,0,0,0,0,0,0,0
138,5/18/20,29.2,1.066666667,0,0,0,0,0,0,0,0
139,5/19/20,30.86666667,1.133333333,0,0,0,0,0,0,0,0
140,5/20/20,61,2,0,0,12,0.8,0,0,0,0
141,5/21/20,61.66666667,1.866666667,0,0,12,0.8,0,0,0,0
142,5/22/20,73.148,2.2,0,0,12,0.8,0,0,0,0
143,5/23/20,74.148,2.333333333,0,0,12,0.8,0,0,0,0
144,5/24/20,75.148,2.4,0,0,12,0.8,0,0,0,0
145,5/25/20,75.48133333,2.333333333,0,0,12,0.8,0,0,0,0
146,5/26/20,75.48133333,2.333333333,0,0,12,0.8,0,0,0,0
147,5/27/20,79.648,2.466666667,0,0,12,0.8,0,0,0,0
148,5/28/20,93.26266667,2.8,0,0,12,0.8,0,0,0,0
149,5/29/20,88.596,2.866666667,0,0,12,0.8,0,0,0,0
150,5/30/20,102.596,3.133333333,0,0,12,0.8,0,0,0,0
151,5/31/20,140.2626667,4.4,0,0,32,1.6,0,0,0,0
152,6/1/20,146.92,4.666666667,0.324,0.066666667,32,1.6,0,0,0,0
153,6/2/20,1568.320667,588.8666667,14.47866667,7.866666667,36,2.4,0,0,0,0
154,6/3/20,3805.792,1579.133333,126.7133333,73.93333333,36,2.4,0,0,0,0
155,6/4/20,5009.433333,2177.066667,211.684,131.4,24,1.6,0,0,0,0
156,6/5/20,6035.947333,2667.666667,276.7953333,174.4666667,32,2.4,0,0,0,0
157,6/6/20,6877.098,2996.066667,307.3933333,202.7333333,40,3.2,0,0,0,0
158,6/7/20,7386.998667,3205,323.4713333,217.4666667,84,4.8,0,0,0,0
159,6/8/20,7848.374,3367.266667,345.1913333,234,114.4,7.2,0,0,0,0
160,6/9/20,8119.984667,3467.2,357.2453333,244.2666667,114.4,7.2,0,0,0,0
161,6/10/20,8428.754,3543,375.6373333,253.0666667,135.7333333,7.866666667,0,0,0,0
162,6/11/20,8605.957333,3594.066667,379.866,257.3333333,135.7333333,7.866666667,0,0,0,0
163,6/12/20,8815.16,3641.666667,386.4133333,261.4666667,215.7333333,8.666666667,0,0,0,0
164,6/13/20,8910.224667,3676.8,391.6826667,266.4,215.7333333,8.666666667,0,0,0,0
165,6/14/20,9023.766667,3708.333333,394.8926667,269.0666667,220.0666667,9.533333333,0,0,0,0
166,6/15/20,9143.066667,3742.6,402.106,275.6,200.0666667,8.733333333,0,0,0,0
167,6/16/20,9189.824667,3765.4,405.9926667,279.4,200.0666667,8.733333333,0,0,0,0
168,6/17/20,7919.364,3199.533333,394.3713333,274.1333333,196.0666667,7.933333333,0,0,0,0
169,6/18/20,5791.595333,2227.533333,283.7366667,209.6666667,196.0666667,7.933333333,2.134666667,1.733333333,0,0
170,6/19/20,4648.458667,1656.266667,201.87,154.8,204.0666667,8.733333333,5.334666667,1.733333333,0,0
171,6/20/20,3695.234,1183.666667,139.2253333,112.9333333,196.0666667,7.933333333,0,0,0,0
172,6/21/20,2891.517333,869,112.2433333,86.26666667,192.0666667,7.933333333,0,0,0,0
173,6/22/20,2443.94,671,96.16533333,71.53333333,148.0666667,6.333333333,0,0,0,0
174,6/23/20,2026.858667,519.6,75.24533333,55.8,117.6666667,3.933333333,0,0,0,0
175,6/24/20,1781.060667,427,63.19133333,45.53333333,117.6666667,3.933333333,0,0,0,0
176,6/25/20,1525.141333,361.4666667,47.52733333,39.13333333,96.33333333,3.266666667,0,0,0,0
177,6/26/20,1434.432,321.6666667,43.29866667,34.86666667,136.3333333,4.066666667,0,0,0,0
178,6/27/20,1234.3,283.0666667,38.818,32.8,56.33333333,3.266666667,0,0,0,0
179,6/28/20,1175.727333,258.4666667,37.786,30.26666667,56.33333333,3.266666667,0,0,0,0
180,6/29/20,1209.79,234.1333333,35.04266667,28.06666667,52,2.4,0,0,0,0
181,6/30/20,1105.138667,206.1333333,27.82933333,21.53333333,52,2.4,0,0,0,0
182,7/1/20,1069.515333,191.8,28.25066667,19.73333333,52,2.4,0,0,0,0
183,7/2/20,946.5286667,184.7333333,26.83733333,18,52,2.4,0,0,0,0
184,7/3/20,892.5613333,184.6,25.43733333,16.6,56,3.2,0,0,0,0
185,7/4/20,823.706,170.6666667,22.33333333,14,48,2.4,0,0,0,0
186,7/5/20,775.902,162.6666667,20.26666667,13.2,48,2.4,0,0,0,0
187,7/6/20,778.2633333,157.8,16.65066667,11.6,44,1.6,0,0,0,0
188,7/7/20,742.996,156.0666667,17.45066667,12.4,44,1.6,0,0,0,0
189,7/8/20,767.388,152.4666667,17.45066667,12.4,44,1.6,0,0,0,0
190,7/9/20,768.048,150.6,18.91733333,13.86666667,44,1.6,0,0,0,0
191,7/10/20,731.3046667,145,16.18933333,11.46666667,44,1.6,0,0,0,0
192,7/11/20,665.4393333,140.7333333,17.92266667,13.2,15.33333333,2.333333333,0,0,0,0
193,7/12/20,664.0366667,135.2666667,15.856,11.13333333,15.33333333,2.333333333,0,0,0,0
194,7/13/20,682.476,132.6666667,12.08533333,9.2,19.33333333,3.133333333,0,0,0,0
195,7/14/20,538.2293333,133.7333333,13.152,10.26666667,19.33333333,3.133333333,0,0,0,0
196,7/15/20,517.442,133.5333333,14.752,11.86666667,19.33333333,3.133333333,0,0,0,0
197,7/16/20,527.2653333,127.7333333,10.12,9.8,19.33333333,3.133333333,0,0,0,0
198,7/17/20,506.332,119.8666667,9,9,19.33333333,3.133333333,0,0,0,0
199,7/18/20,468.9013333,104.8666667,8.8,8.8,15.33333333,2.333333333,0,0,0,0
200,7/19/20,453.8046667,94.6,8.8,8.8,15.33333333,2.333333333,0,0,0,0
201,7/20/20,460.7413333,90.13333333,9.2,9.2,39.33333333,3.933333333,0,0,0,0
202,7/21/20,418.6066667,84.46666667,10,10,39.33333333,3.933333333,0,0,0,0
203,7/22/20,406.6733333,79.06666667,11.24066667,10.66666667,39.33333333,3.933333333,0,0,0,0
204,7/23/20,342.6806667,74.26666667,10.44066667,9.866666667,39.33333333,3.933333333,0,0,0,0
205,7/24/20,355.488,72.2,10.04066667,9.466666667,39.33333333,3.933333333,0,0,0,0
206,7/25/20,356.4893333,69.86666667,10.574,10,39.33333333,3.933333333,0,0,0,0
207,7/26/20,335.3906667,64.66666667,8.840666667,8.266666667,28,2.4,0,0,0,0
208,7/27/20,333.4053333,64.26666667,9.240666667,8.666666667,28,2.4,0,0,0,0
209,7/28/20,281.3386667,58.6,8.774,8.2,24,1.6,0,0,0,0
210,7/29/20,271.1233333,52.06666667,7.240666667,6.666666667,24,1.6,0,0,0,0
211,7/30/20,255.526,47.93333333,6.440666667,5.866666667,24,1.6,0,0,0,0
212,7/31/20,246.4773333,46.86666667,6.440666667,5.866666667,24,1.6,0,0,0,0
213,8/1/20,247.2686667,46,7.240666667,6.666666667,24,1.6,0,0,0,0
214,8/2/20,247.4366667,51.6,8.360666667,7.466666667,29.6,3.2,0,0,0,0
215,8/3/20,258.356,61.2,8.360666667,7.466666667,29.6,3.2,0,0,0,0
216,8/4/20,249.3086667,65.06666667,7.560666667,6.666666667,5.6,1.6,0,0,0,0
217,8/5/20,255.12,69.53333333,6.760666667,5.866666667,5.6,1.6,0,0,0,0
218,8/6/20,252.9913333,71.86666667,4.786666667,4.466666667,5.6,1.6,0,0,0,0
219,8/7/20,257.7466667,74.13333333,4.786666667,4.466666667,5.6,1.6,0,0,0,0
220,8/8/20,234.7173333,74,3.72,3.4,5.6,1.6,0,0,0,0
221,8/9/20,290.4493333,74.53333333,3.186666667,2.866666667,5.6,1.6,0,0,0,0
222,8/10/20,306.1466667,75.4,3.186666667,2.866666667,5.6,1.6,0,0,0,0
223,8/11/20,289.46,73.8,3.053333333,2.733333333,5.6,1.6,0,0,0,0
224,8/12/20,295.022,73.13333333,3.335333333,2.933333333,5.6,1.6,0,0,0,0
225,8/13/20,293.8093333,73.4,3.335333333,2.933333333,5.6,1.6,0,0,0,0
226,8/14/20,283.5533333,72.33333333,3.663333333,2.933333333,5.6,1.6,0,0,0,0
227,8/15/20,272.2493333,73.13333333,6.479333333,3.733333333,5.6,1.6,0,0,0,0
228,8/16/20,293.056,73.53333333,6.479333333,3.733333333,5.6,1.6,0,0,0,0
229,8/17/20,293.4933333,66.53333333,5.359333333,2.933333333,0,0,0,0,0,0
230,8/18/20,289.0393333,54.73333333,5.359333333,2.933333333,0,0,0,0,0,0
231,8/19/20,266.434,46.66666667,5.359333333,2.933333333,0,0,0,0,0,0
232,8/20/20,260.6913333,39.8,5.359333333,2.933333333,0,0,0,0,0,0
233,8/21/20,259.3846667,34.4,5.292666667,2.866666667,0,0,0,0,0,0
234,8/22/20,256.882,30.8,5.292666667,2.866666667,0,0,0,0,0,0
235,8/23/20,245.8346667,29.33333333,6.140666667,3.666666667,0,0,0,0,0,0
236,8/24/20,185.2733333,28.2,6.140666667,3.666666667,0,0,0,0,0,0
237,8/25/20,195.5006667,28,6.140666667,3.666666667,0,0,0,0,0,0
238,8/26/20,198.47,28.33333333,6.674,4.2,0,0,0,0,0,0
239,8/27/20,196.5866667,30.4,6.392,4,1.666666667,0.066666667,0,0,0,0
240,8/28/20,208.448,31.2,6.392,4,1.666666667,0.066666667,0,0,0,0
241,8/29/20,212.6333333,31.86666667,6.376,4,1.666666667,0.066666667,0,0,0,0
242,8/30/20,204.8253333,30.8,3.56,3.2,1.666666667,0.066666667,0,0,0,0
243,8/31/20,190.5953333,30.86666667,3.872,3.2,1.666666667,0.066666667,0,0,0,0
244,9/1/20,176.4626667,32.33333333,4.672,4,1.666666667,0.066666667,0,0,0,0
245,9/2/20,186.4513333,37.4,4.672,4,1.666666667,0.066666667,0,0,0,0
246,9/3/20,230.89,49.8,4.672,4,1.666666667,0.066666667,0,0,0,0
247,9/4/20,235.874,57.53333333,5.472,4.8,1.666666667,0.066666667,0,0,0,0
248,9/5/20,239.832,63.26666667,5.472,4.8,1.666666667,0.066666667,0,0,0,0
249,9/6/20,240.7213333,67.13333333,6.138666667,5.133333333,1.666666667,0.066666667,0,0,0,0
250,9/7/20,244.69,69.6,5.568666667,4.533333333,1.666666667,0.066666667,0,0,0,0
251,9/8/20,279.0166667,71.4,5.568666667,4.533333333,1.666666667,0.066666667,0,0,0,0
252,9/9/20,265.2326667,70.8,5.568666667,4.533333333,1.666666667,0.066666667,0,0,0,0
253,9/10/20,265.4833333,70.4,4.768666667,3.733333333,1.666666667,0.066666667,0,0,0,0
254,9/11/20,265.1333333,68.46666667,4.768666667,3.733333333,0,0,0,0,0,0
255,9/12/20,264.2126667,66.93333333,4.768666667,3.733333333,0,0,0,0,0,0
256,9/13/20,258.0833333,65.6,3.656666667,2.933333333,0,0,0,0,0,0
257,9/14/20,255.8366667,64.6,3.656666667,2.933333333,0,0,0,0,0,0
258,9/15/20,244.8206667,62.53333333,2.544666667,2.133333333,0,0,0,0,0,0
259,9/16/20,240.044,60.46666667,1.744666667,1.333333333,0,0,0,0,0,0
260,9/17/20,215.3993333,54.46666667,1.744666667,1.333333333,0,0,0,0,0,0
261,9/18/20,175.304,41.46666667,2.207333333,1.466666667,0,0,0,0,0,0
262,9/19/20,164.5453333,33.53333333,1.407333333,0.666666667,0,0,0,0,0,0
263,9/20/20,151.2333333,27.46666667,1.407333333,0.666666667,0,0,0,0,0,0
264,9/21/20,147.3093333,23.13333333,0.740666667,0.333333333,0,0,0,0,0,0
265,9/22/20,161.894,19.8,0.462666667,0.133333333,0,0,0,0,0,0
266,9/23/20,120.7053333,18.33333333,0.462666667,0.133333333,0,0,0,0,0,0
267,9/24/20,115.9993333,18.53333333,0.462666667,0.133333333,0,0,0,0,0,0
268,9/25/20,124.0873333,18.93333333,1.574666667,0.933333333,0,0,0,0,0,0
269,9/26/20,112.2166667,17.46666667,1.574666667,0.933333333,0,0,0,0,0,0
270,9/27/20,118.7906667,17.06666667,1.574666667,0.933333333,0,0,0,0,0,0
271,9/28/20,123.3166667,17.26666667,1.574666667,0.933333333,1.666666667,0.333333333,0,0,0,0
272,9/29/20,119.3553333,16.93333333,1.574666667,0.933333333,1.666666667,0.333333333,0,0,0,0
273,9/30/20,125.658,17.4,2.684,1.466666667,1.666666667,0.333333333,0,0,0,0
274,10/1/20,131.634,16.93333333,2.684,1.466666667,1.666666667,0.333333333,0,0,0,0
275,10/2/20,143.218,21,2.684,1.466666667,1.666666667,0.333333333,0,0,0,0
276,10/3/20,160.2373333,31.73333333,3.333333333,2.133333333,1.666666667,0.333333333,0,0,0,0
277,10/4/20,167.0186667,38.6,3.333333333,2.133333333,1.666666667,0.333333333,0,0,0,0
278,10/5/20,406.8533333,44.06666667,3.333333333,2.133333333,1.666666667,0.333333333,0,0,0,0
279,10/6/20,410.0213333,47.66666667,3.333333333,2.133333333,1.666666667,0.333333333,0,0,0,0
280,10/7/20,403.7413333,50.93333333,3.333333333,2.133333333,1.666666667,0.333333333,0,0,0,0
281,10/8/20,404.668,52,4.066666667,2.866666667,1.666666667,0.333333333,0,0,0,0
282,10/9/20,407.508,51.66666667,4.066666667,2.866666667,1.666666667,0.333333333,0,0,0,0
283,10/10/20,440.2846667,52.26666667,2.954666667,2.066666667,1.666666667,0.333333333,0,0,0,0
284,10/11/20,441.5626667,52.86666667,2.954666667,2.066666667,1.666666667,0.333333333,0,0,0,0
285,10/12/20,433.128,52.73333333,2.954666667,2.066666667,1.666666667,0.333333333,0,0,0,0
286,10/13/20,426.9973333,52.4,2.954666667,2.066666667,0,0,0,0,0,0
287,10/14/20,434.1066667,52.66666667,2.954666667,2.066666667,0,0,0,0,0,0
288,10/15/20,427.2453333,52.4,1.845333333,1.533333333,0,0,0,0,0,0
289,10/16/20,424.2966667,52.46666667,1.845333333,1.533333333,0,0,0,0,0,0
290,10/17/20,409.4433333,48.4,1.845333333,1.533333333,0,0,0,0,0,0
291,10/18/20,388.1206667,37.46666667,0.733333333,0.733333333,0,0,0,0,0,0
292,10/19/20,379.964,30.4,0.733333333,0.733333333,0,0,0,0,0,0
293,10/20/20,140.8626667,25.66666667,1.533333333,1.533333333,0,0,0,0,0,0
294,10/21/20,233.418,21.6,1.533333333,1.533333333,0,0,0,0,0,0
295,10/22/20,252.9826667,18.06666667,1.533333333,1.533333333,0,0,0,0,0,0
296,10/23/20,279.9966667,16.06666667,0.8,0.8,0,0,0,0,0,0
297,10/24/20,267.5373333,14.66666667,0.8,0.8,0,0,0,0,0,0
298,10/25/20,232.4233333,12.4,0.8,0.8,0,0,0,0,0,0
299,10/26/20,238.9726667,12,0.8,0.8,0,0,0,0,0,0
300,10/27/20,227.222,11.86666667,0.8,0.8,0,0,0,0,0,0
301,10/28/20,233.7793333,11.4,0.8,0.8,0,0,0,0,0,0
302,10/29/20,226.2493333,10.8,0.8,0.8,0,0,0,0,0,0
303,10/30/20,223.8593333,10.2,0.8,0.8,0,0,0,0,0,0
304,10/31/20,224.4833333,9.8,0.8,0.8,0,0,0,0,0,0
305,11/1/20,226.912,10.2,0.8,0.8,0,0,0,0,0,0
306,11/2/20,234.442,13.53333333,0.8,0.8,0,0,0,0,0,0
307,11/3/20,300.5953333,22.8,0.8,0.8,0,0,0,0,0,0
308,11/4/20,305.3526667,28.66666667,0,0,0,0,0,0,0,0
309,11/5/20,230.5126667,34.06666667,0,0,0,0,0,0,0,0
310,11/6/20,322.364,37.73333333,0,0,0,0,0,0,0,0
311,11/7/20,304.658,40.26666667,0,0,0,0,0,0,0,0
312,11/8/20,327.706,42.06666667,0,0,0,0,0,0,0,0
313,11/9/20,319.8113333,42.93333333,0,0,0,0,0,0,0,0
314,11/10/20,322.952,43.86666667,0,0,0,0,0,0,0,0
315,11/11/20,323.786,44.13333333,0,0,0,0,0,0,0,0
316,11/12/20,340.42,44.26666667,0,0,0,0,0,0,0,0
317,11/13/20,342.498,45.4,0,0,0,0,0,0,0,0
318,11/14/20,342.16,45.33333333,0,0,0,0,0,0,0,0
319,11/15/20,352.126,46.73333333,0,0,0,0,0,0,0,0
320,11/16/20,372.8046667,47.26666667,0,0,0,0,0,0,0,0
321,11/17/20,374.4913333,44.06666667,0,0,10,0.2,0,0,0,0
322,11/18/20,369.8993333,35.06666667,0,0,10,0.2,0,0,0,0
323,11/19/20,384.0433333,29,0,0,10,0.2,0,0,0,0
324,11/20/20,365.5986667,24.46666667,0,0,12,0.6,0,0,0,0
325,11/21/20,243.2033333,20.53333333,0,0,12,0.6,0,0,0,0
326,11/22/20,233.8366667,17.53333333,0,0,12,0.6,0,0,0,0
327,11/23/20,212.9066667,16,0,0,12,0.6,0,0,0,0
328,11/24/20,211.2753333,15.06666667,0,0,12,0.6,0,0,0,0
329,11/25/20,207.638,14,0,0,12,0.6,0,0,0,0
330,11/26/20,284.614,13.2,0,0,12,0.6,0,0,0,0
331,11/27/20,268.8893333,12.8,0,0,12,0.6,0,0,0,0
332,11/28/20,353.0853333,13.4,0,0,15.33333333,1.266666667,0,0,0,0
333,11/29/20,352.1446667,13.13333333,0,0,15.33333333,1.266666667,0,0,0,0
334,11/30/20,353.792,12.13333333,0,0,15.33333333,1.266666667,0,0,0,0
335,12/1/20,382.128,12.66666667,0,0,15.33333333,1.266666667,0,0,0,0
336,12/2/20,402.4133333,15.86666667,0,0,5.333333333,1.066666667,0,0,0,0
337,12/3/20,352.2746667,24.06666667,0,0,5.333333333,1.066666667,0,0,0,0
338,12/4/20,340.9166667,29.8,0,0,5.333333333,1.066666667,0,0,0,0
339,12/5/20,341.3006667,33.66666667,0,0,3.333333333,0.666666667,0,0,0,0
340,12/6/20,340.54,36.86666667,0,0,3.333333333,0.666666667,0,0,0,0
341,12/7/20,349.9806667,39.46666667,0,0,3.333333333,0.666666667,0,0,0,0
342,12/8/20,351.202,40.93333333,0,0,3.333333333,0.666666667,0,0,0,0
343,12/9/20,388.1533333,41.93333333,0,0,3.333333333,0.666666667,0,0,0,0
344,12/10/20,388.318,43.46666667,0,0,3.333333333,0.666666667,0,0,0,0
345,12/11/20,336.796,45.73333333,0,0,28,1.933333333,0,0,0,0
346,12/12/20,342.054,45.86666667,0,0,28,1.933333333,0,0,0,0
347,12/13/20,258.6386667,45.06666667,0,0,24.66666667,1.266666667,0,0,0,0
348,12/14/20,262.5426667,45.46666667,0,0,24.66666667,1.266666667,0,0,0,0
349,12/15/20,332.2566667,45.93333333,0,0,24.66666667,1.266666667,0,0,0,0
350,12/16/20,318.05,44.8,0,0,24.66666667,1.266666667,0,0,0,0
351,12/17/20,289.6053333,41.2,0,0,24.66666667,1.266666667,0,0,0,0
352,12/18/20,2295.716,32.66666667,0,0,24.66666667,1.266666667,0,0,0,0
353,12/19/20,2288.562667,26.73333333,0,0,24.66666667,1.266666667,0,0,0,0
354,12/20/20,2285.854667,22.33333333,0,0,24.66666667,1.266666667,0,0,0,0
355,12/21/20,2324.378667,19.6,0,0,24.66666667,1.266666667,0,0,0,0
356,12/22/20,2327.935333,17.13333333,0,0,24.66666667,1.266666667,0,0,0,0
357,12/23/20,2376.422667,16.46666667,0,0,24.66666667,1.266666667,0,0,0,0
358,12/24/20,2435.511333,16.06666667,0,0,24.66666667,1.266666667,0,0,0,0
359,12/25/20,2487.865333,15.4,0,0,24.66666667,1.266666667,0,0,0,0
360,12/26/20,2553.437333,13.86666667,0,0,0,0,0,0,0,0
361,12/27/20,2584.292,13.93333333,0,0,0,0,0,0,0,0
362,12/28/20,2616.772,14,0,0,0,0,0,0,0,0
363,12/29/20,2917.477333,14.8,0,0,80,0.8,0,0,0,0
364,12/30/20,3122.059333,15,0,0,80,0.8,0,0,0,0
365,12/31/20,3589.881333,18.66666667,0,0,80,0.8,0,0,0,0
366,1/1/21,3643.617333,19.73333333,0,0,80.66666667,0.933333333,0,0,0,0
367,1/2/21,1672.244,22.53333333,0,0,80.66666667,0.933333333,0,0,0,0
368,1/3/21,1701.166,31.33333333,0,0,84.66666667,1.733333333,0,0,0,0
369,1/4/21,1781.295333,37.66666667,0,0,84.66666667,1.733333333,0,0,0,0
370,1/5/21,1779.591333,41.66666667,0,0,84.66666667,1.733333333,0,0,0,0
371,1/6/21,1851.942667,45.33333333,0,0,87.33333333,2.266666667,0,0,0,0
372,1/7/21,1847.829333,47.33333333,0,0,87.33333333,2.266666667,0,0,0,0
373,1/8/21,1761.136667,49.53333333,0,0,91.33333333,3.066666667,0,0,0,0
374,1/9/21,1721.768,49.53333333,0,0,91.33333333,3.066666667,0,0,0,0
375,1/10/21,1659.086667,50.06666667,0,0,91.33333333,3.066666667,0,0,0,0
376,1/11/21,1636.499333,51.06666667,0.970666667,0.466666667,91.33333333,3.066666667,0,0,0,0
377,1/12/21,1683.063333,50.8,0.970666667,0.466666667,91.33333333,3.066666667,0,0,0,0
378,1/13/21,1385.898667,50.2,0.970666667,0.466666667,11.33333333,2.266666667,0,0,0,0
379,1/14/21,1109.921333,49.53333333,0.970666667,0.466666667,11.33333333,2.266666667,0,0,0,0
380,1/15/21,611.26,46.2,0.970666667,0.466666667,11.33333333,2.266666667,0,0,0,0
381,1/16/21,557.95,45.53333333,0.970666667,0.466666667,10.66666667,2.133333333,0,0,0,0
382,1/17/21,525.0886667,42.73333333,0.970666667,0.466666667,10.66666667,2.133333333,0,0,0,0
383,1/18/21,516.5946667,34.53333333,0.970666667,0.466666667,6.666666667,1.333333333,0,0,0,0
384,1/19/21,458.252,28.73333333,0.970666667,0.466666667,6.666666667,1.333333333,0,0,0,0
385,1/20/21,429.962,24.53333333,0.970666667,0.466666667,6.666666667,1.333333333,0,0,0,0
386,1/21/21,345.6966667,20.4,0.970666667,0.466666667,4,0.8,0,0,0,0
387,1/22/21,299.326,17.33333333,0.970666667,0.466666667,4,0.8,0,0,0,0
388,1/23/21,291.2606667,14.8,0.970666667,0.466666667,0,0,0,0,0,0
389,1/24/21,281.6573333,13.93333333,0.970666667,0.466666667,0,0,0,0,0,0
390,1/25/21,263.4833333,13,0.970666667,0.466666667,0,0,0,0,0,0
391,1/26/21,249.058,11.46666667,0,0,0,0,0,0,0,0
392,1/27/21,523.1626667,11.4,0,0,0,0,0,0,0,0
393,1/28/21,520.764,11.13333333,0,0,0,0,0,0,0,0
394,1/29/21,512.432,10.6,0,0,0,0,0,0,0,0
395,1/30/21,514.37,10.66666667,0,0,7.666666667,0.8,0,0,0,0
396,1/31/21,525.5513333,10.46666667,0,0,7.666666667,0.8,0,0,0,0
397,2/1/21,513.4126667,10.4,0,0,7.666666667,0.8,0,0,0,0
398,2/2/21,488.5946667,9,0,0,7.666666667,0.8,0,0,0,0
399,2/3/21,556.162,9.066666667,0,0,74.33333333,1.466666667,0,0,0,0
400,2/4/21,863.4546667,8.6,0,0,74.33333333,1.466666667,0,0,0,0
401,2/5/21,873.8953333,9.266666667,0,0,89,2.2,0,0,0,0
402,2/6/21,871.5406667,9,0,0,89,2.2,0,0,0,0
403,2/7/21,869.8813333,8.466666667,0,0,89,2.2,0,0,0,0
404,2/8/21,861.8386667,8.2,0,0,89,2.2,0,0,0,0
405,2/9/21,850.3846667,7.666666667,0,0,89,2.2,0,0,0,0
406,2/10/21,866.8586667,8.2,0,0,91.66666667,2.466666667,0,0,0,0
407,2/11/21,513.8513333,7.666666667,0,0,91.66666667,2.466666667,0,0,0,0
408,2/12/21,589.32,7.866666667,0,0,165,3.2,0,0,0,0
409,2/13/21,599.068,7.8,0,0,165,3.2,0,0,0,0
410,2/14/21,605.3066667,6.866666667,0,0,157.3333333,2.4,0,0,0,0
411,2/15/21,595.6993333,6.733333333,0,0,157.3333333,2.4,0,0,0,0
412,2/16/21,606.1026667,7.4,0,0,159.5333333,3.133333333,0,0,0,0
413,2/17/21,613.0266667,7.533333333,0,0,159.5333333,3.133333333,0,0,0,0
414,2/18/21,524.806,6.666666667,0,0,92.86666667,2.466666667,0,0,0,0
415,2/19/21,217.4466667,6.6,0,0,92.86666667,2.466666667,0,0,0,0
416,2/20/21,199.7306667,5.666666667,0,0,78.2,1.733333333,0,0,0,0
417,2/21/21,199.416,5.6,0,0,78.2,1.733333333,0,0,0,0
418,2/22/21,197.564,5.466666667,0,0,78.2,1.733333333,0,0,0,0
419,2/23/21,197.0733333,5.333333333,0,0,78.2,1.733333333,0,0,0,0
420,2/24/21,195.9966667,5.333333333,0,0,78.2,1.733333333,0,0,0,0
421,2/25/21,186.756,4.733333333,0,0,75.53333333,1.466666667,0,0,0,0
422,2/26/21,186.1206667,4.866666667,0,0,75.53333333,1.466666667,0,0,0,0
423,2/27/21,106.48,4.4,0.266666667,0.266666667,2.2,0.733333333,0,0,0,0
424,2/28/21,97.906,4.4,0.266666667,0.266666667,2.2,0.733333333,0,0,0,0
425,3/1/21,83.89866667,4.333333333,0.266666667,0.266666667,2.2,0.733333333,0,0,0,0
426,3/2/21,80.032,4.066666667,0.266666667,0.266666667,2.2,0.733333333,0,0,0,0
427,3/3/21,75.01733333,3.133333333,0.266666667,0.266666667,0,0,0,0,0,0
428,3/4/21,68.02666667,2.933333333,0.266666667,0.266666667,0,0,0,0,0,0
429,3/5/21,61.96,2.666666667,0.266666667,0.266666667,0,0,0,0,0,0
430,3/6/21,47.44533333,2.6,0.266666667,0.266666667,0,0,0,0,0,0
431,3/7/21,52.37133333,2.733333333,0.266666667,0.266666667,0,0,0,0,0,0
432,3/8/21,57.85466667,2.866666667,0.266666667,0.266666667,0,0,0,0,0,0
433,3/9/21,57.69533333,2.733333333,0.266666667,0.266666667,0,0,0,0,0,0
434,3/10/21,59.362,2.733333333,0.266666667,0.266666667,0,0,0,0,0,0
435,3/11/21,57.62866667,2.6,0.266666667,0.266666667,0,0,0,0,0,0
436,3/12/21,42.69533333,2.533333333,0.266666667,0.266666667,0,0,0,0,0,0
437,3/13/21,44.17133333,2.266666667,0.266666667,0.266666667,0,0,0,0,0,0
438,3/14/21,44.384,1.933333333,0,0,0,0,0,0,0,0
439,3/15/21,43.18,1.866666667,0,0,0,0,0,0,0,0
440,3/16/21,60.52066667,2.466666667,0,0,16.66666667,0.666666667,0,0,0,0
441,3/17/21,81.71666667,3.4,0,0,17.33333333,1.333333333,0,0,0,0
442,3/18/21,73.426,3.333333333,0,0,17.33333333,1.333333333,0,0,0,0
443,3/19/21,73.55933333,3.466666667,0,0,17.33333333,1.333333333,0,0,0,0
444,3/20/21,74.3,3.466666667,0,0,17.33333333,1.333333333,0,0,0,0
445,3/21/21,73.44066667,3.466666667,0,0,17.33333333,1.333333333,0,0,0,0
446,3/22/21,70.15533333,3.4,0,0,17.33333333,1.333333333,0,0,0,0
447,3/23/21,117.9126667,3.333333333,0,0,17.33333333,1.333333333,0,0,0,0
448,3/24/21,118.0026667,3.4,0,0,17.33333333,1.333333333,0,0,0,0
449,3/25/21,113.0026667,3.333333333,0,0,17.33333333,1.333333333,0,0,0,0
450,3/26/21,211.4226667,3.733333333,0,0,115.2213333,1.666666667,0,0,0,0
451,3/27/21,211.0966667,3.666666667,0,0,115.888,1.733333333,0,0,0,0
452,3/28/21,207.4993333,3.666666667,0.069333333,0.066666667,116.2213333,1.8,0,0,0,0
453,3/29/21,206.166,3.6,0.300666667,0.133333333,116.2213333,1.8,0,0,0,0
454,3/30/21,199.3466667,3.533333333,0.37,0.2,116.2213333,1.8,0,0,0,0
455,3/31/21,182.854,3,0.477333333,0.266666667,101.288,1.266666667,0,0,0,0
456,4/1/21,159.9913333,2,0.477333333,0.266666667,102.288,0.666666667,0,0,0,0
457,4/2/21,160.006,1.8,0.477333333,0.266666667,102.6213333,0.733333333,0,0,0,0
458,4/3/21,159.8726667,1.666666667,0.477333333,0.266666667,102.6213333,0.733333333,0,0,0,0
459,4/4/21,179.3726667,2.466666667,0.477333333,0.266666667,119.6213333,1.466666667,0,0,0,0
460,4/5/21,179.306,2.4,0.477333333,0.266666667,119.6213333,1.466666667,0,0,0,0
461,4/6/21,177.6393333,2.333333333,0.477333333,0.266666667,119.6213333,1.466666667,0,0,0,0
462,4/7/21,135.88,2.266666667,0.477333333,0.266666667,119.6213333,1.466666667,0,0,0,0
463,4/8/21,137.1233333,2.333333333,0.477333333,0.266666667,119.6213333,1.466666667,0,0,0,0
464,4/9/21,150.4566667,2.4,0.477333333,0.266666667,119.6213333,1.466666667,0,0,0,0
465,4/10/21,52.03666667,2,0.477333333,0.266666667,21.73333333,1.133333333,0,0,0,0
466,4/11/21,66.88866667,2.8,0.57,0.333333333,36.06666667,1.733333333,0,0,0,0
467,4/12/21,77.514,2.933333333,4.195333333,0.4,43.06666667,1.8,0,0,0,0
468,4/13/21,91.054,5.733333333,7.735333333,2.933333333,53.06666667,2.066666667,0,0,0,0
469,4/14/21,149.5293333,6.4,8.210666667,3.333333333,77.73333333,2.266666667,0,0,0,0
470,4/15/21,154.7,6.533333333,8.448,3.533333333,82.66666667,2.2,0,0,0,0
471,4/16/21,154.6026667,7.533333333,10.01733333,4.6,81,2.133333333,0,0,0,0
472,4/17/21,164.726,8.6,10.474,5,90.66666667,2.8,0,0,0,0
473,4/18/21,165.204,9,10.952,5.4,90.66666667,2.8,0,0,0,0
474,4/19/21,146.2706667,9,11.01866667,5.466666667,75,2.866666667,0,0,0,0
475,4/20/21,169.1446667,10.2,25.31866667,6.533333333,83.66666667,3.066666667,0,0,0,0
476,4/21/21,172.8373333,10.33333333,25.41133333,6.6,87.33333333,3.2,0,0,0,0
477,4/22/21,165.156,10.6,25.73,6.866666667,91,3.333333333,0,0,0,0
478,4/23/21,830.8893333,10.66666667,25.79666667,6.933333333,91.33333333,3.4,0,0,0,0
479,4/24/21,824.556,10.73333333,25.79666667,6.933333333,98.33333333,3.533333333,0,0,0,0
480,4/25/21,841.2893333,10.86666667,25.86333333,7,115,3.6,0,0,0,0
481,4/26/21,827.956,10.2,25.956,7,102,3.066666667,0,0,0,0
482,4/27/21,816.928,9.933333333,22.26133333,6.866666667,94.66666667,2.933333333,0,0,0,0
483,4/28/21,811.1753333,7.333333333,19.50866667,4.4,91.66666667,2.8,0,0,0,0
484,4/29/21,753.2973333,6.733333333,18.964,3.933333333,67.66666667,2.733333333,0,0,0,0
485,4/30/21,954.806,7.2,19.04533333,3.8,86.33333333,3.266666667,0,0,0,0
486,5/1/21,1124.903333,6.333333333,17.476,2.733333333,91.33333333,3.4,0,0,0,0
487,5/2/21,1207.78,5.266666667,17.01933333,2.333333333,174.6666667,2.733333333,0,0,0,0
488,5/3/21,1212.635333,5,16.54133333,1.933333333,180,2.866666667,0,0,0,0
489,5/4/21,1211.235333,4.133333333,16.47466667,1.866666667,178.6666667,2.066666667,0,0,0,0
490,5/5/21,1188.735333,3,2.308,0.866666667,170.3333333,1.933333333,0,0,0,0
491,5/6/21,1184.976,2.8,2.215333333,0.8,166.6666667,1.8,0,0,0,0
492,5/7/21,1182.055333,2.533333333,2.961333333,0.666666667,163,1.666666667,0,0,0,0
493,5/8/21,514.9886667,2.333333333,2.894666667,0.6,162.6666667,1.6,0,0,0,0
494,5/9/21,515.766,2.533333333,4.005333333,0.866666667,162.3333333,1.533333333,0,0,0,0
495,5/10/21,499.264,2.466666667,4.17,0.866666667,145.6666667,1.466666667,0,0,0,0
496,5/11/21,497.0786667,2.266666667,3.984666667,0.8,143.6666667,1.333333333,0,0,0,0
497,5/12/21,500.412,2.333333333,3.984666667,0.8,147,1.4,0,0,0,0
498,5/13/21,2245.995333,2.333333333,3.032666667,0.733333333,147.3333333,1.4,0,0,0,0
499,5/14/21,2251.488,2.933333333,3.192,0.866666667,152.6666667,1.866666667,0,0,0,0
500,5/15/21,2043.568,2.733333333,3.366,1.333333333,127.3333333,1.266666667,0,0,0,0
501,5/16/21,1871.98,2.6,3.444666667,1.4,122.3333333,1.133333333,0,0,0,0
502,5/17/21,1778.646667,2.533333333,3.444666667,1.4,29,1.066666667,0,0,0,0
503,5/18/21,1773.406,2.466666667,3.537333333,1.466666667,23.66666667,0.933333333,0,0,0,0
504,5/19/21,1774.072667,2.533333333,3.537333333,1.466666667,24.33333333,1,0,0,0,0
505,5/20/21,1773.606,2.4,3.404,1.4,24,0.933333333,0,0,0,0
506,5/21/21,1776.939333,2.466666667,3.404,1.4,27.33333333,1,0,0,0,0
507,5/22/21,1782.541333,2.4,2.339333333,1.266666667,34,1.066666667,0,0,0,0
508,5/23/21,1789.208,2.466666667,2.339333333,1.266666667,40.66666667,1.133333333,0,0,0,0
509,5/24/21,1781.569333,2.2,1.367333333,1.066666667,34,1.066666667,0,0,0,0
510,5/25/21,1786.764,2.266666667,1.228666667,1.066666667,39.33333333,1.133333333,0,0,0,0
511,5/26/21,1786.764,2.266666667,1.228666667,1.066666667,39.33333333,1.133333333,0,0,0,0
512,5/27/21,1783.430667,2.2,1.228666667,1.066666667,36,1.066666667,0,0,0,0
513,5/28/21,32.588,2.066666667,1.254666667,1.066666667,31.33333333,1,0,0,0,0
514,5/29/21,39.94733333,1.533333333,1.280666667,1,32,0.466666667,0,0,0,0
515,5/30/21,39.414,1,0.747333333,0.466666667,32,0.466666667,0,0,0,0
516,5/31/21,41.002,1,0.668666667,0.4,33.66666667,0.533333333,0,0,0,0
517,6/1/21,207.8006667,1.2,1.002,0.466666667,33.66666667,0.533333333,0,0,0,0
518,6/2/21,216.3746667,1.266666667,0.909333333,0.4,42.33333333,0.666666667,0,0,0,0
519,6/3/21,222.3746667,1.266666667,0.909333333,0.4,48.33333333,0.666666667,0,0,0,0
520,6/4/21,222.3746667,1.266666667,0.909333333,0.4,48.33333333,0.666666667,0,0,0,0
521,6/5/21,219.0413333,1.2,0.909333333,0.4,45,0.6,0,0,0,0
522,6/6/21,212.3746667,1.133333333,0.909333333,0.4,38.33333333,0.533333333,0,0,0,0
523,6/7/21,205.8006667,1.133333333,1.002,0.466666667,31.66666667,0.466666667,0,0,0,0
524,6/8/21,205.8473333,1.133333333,1.048666667,0.466666667,31.66666667,0.466666667,0,0,0,0
525,6/9/21,201.088,1.066666667,0.956,0.4,27,0.466666667,0,0,0,0
526,6/10/21,206.088,1.133333333,0.956,0.4,32,0.533333333,0,0,0,0
527,6/11/21,222.7546667,1.2,0.956,0.4,48.66666667,0.6,0,0,0,0
528,6/12/21,219.9953333,1.066666667,0.863333333,0.333333333,46,0.533333333,0,0,0,0
529,6/13/21,206.4766667,0.866666667,0.678,0.266666667,39.33333333,0.466666667,0,0,0,0
530,6/14/21,208.7433333,0.866666667,0.611333333,0.2,41.66666667,0.533333333,0,0,0,0
531,6/15/21,207.0766667,0.8,0.611333333,0.2,40,0.466666667,0,0,0,0
532,6/16/21,40.278,0.6,0.278,0.133333333,40,0.466666667,0,0,0,0
533,6/17/21,31.88933333,0.666666667,0.556,0.333333333,31.33333333,0.333333333,0,0,0,0
534,6/18/21,25.58733333,0.8,0.920666667,0.533333333,24.66666667,0.266666667,0,0,0,0
535,6/19/21,26.34866667,1.266666667,1.682,1,24.66666667,0.266666667,0,0,0,0
536,6/20/21,29.682,1.333333333,1.682,1,28,0.333333333,0,0,0,0
537,6/21/21,46.34866667,1.4,1.682,1,28,0.333333333,0,0,0,0
538,6/22/21,46.48733333,1.4,1.820666667,1,28,0.333333333,0,0,0,0
539,6/23/21,46.302,1.333333333,1.635333333,0.933333333,28,0.333333333,0,0,0,0
540,6/24/21,57.37133333,1.466666667,1.704666667,1,39,0.4,0,0,0,0
541,6/25/21,55.70466667,1.466666667,1.704666667,1,37.33333333,0.4,0,0,0,0
542,6/26/21,42.472,1.533333333,2.138666667,1.066666667,23.66666667,0.4,0,0,0,0
543,6/27/21,42.60533333,1.6,2.272,1.133333333,23.66666667,0.4,0,0,0,0
544,6/28/21,45.60533333,1.733333333,2.272,1.133333333,26.66666667,0.533333333,0,0,0,0
545,6/29/21,43.272,1.666666667,2.272,1.133333333,24.33333333,0.466666667,0,0,0,0
546,6/30/21,43.272,1.666666667,2.272,1.133333333,24.33333333,0.466666667,0,0,0,0
547,7/1/21,43.50333333,1.733333333,2.503333333,1.2,24.33333333,0.466666667,0,0,0,0
548,7/2/21,43.22533333,1.533333333,2.225333333,1,24.33333333,0.466666667,0,0,0,0
549,7/3/21,42.86066667,1.333333333,1.860666667,0.8,24.33333333,0.466666667,0,0,0,0
550,7/4/21,42.192,0.933333333,1.192,0.4,24.33333333,0.466666667,0,0,0,0
551,7/5/21,45.592,1,1.258666667,0.466666667,21,0.4,0,0,0,0
552,7/6/21,28.92533333,0.933333333,1.258666667,0.466666667,21,0.4,0,0,0,0
553,7/7/21,45.36066667,0.933333333,1.027333333,0.4,37.66666667,0.466666667,0,0,0,0
554,7/8/21,45.63066667,1.066666667,1.297333333,0.533333333,37.66666667,0.466666667,0,0,0,0
555,7/9/21,33.98733333,0.933333333,1.320666667,0.533333333,26,0.333333333,0,0,0,0
556,7/10/21,30.74666667,0.933333333,1.413333333,0.6,22.66666667,0.266666667,0,0,0,0
557,7/11/21,27.31266667,0.8,0.979333333,0.533333333,19.66666667,0.2,0,0,0,0
558,7/12/21,28.198,0.866666667,1.864666667,0.6,19.66666667,0.2,0,0,0,0
559,7/13/21,25.198,0.733333333,1.864666667,0.6,16.66666667,0.066666667,0,0,0,0
560,7/14/21,44.36466667,1.266666667,1.864666667,0.6,33.33333333,0.133333333,0,0,0,0
561,7/15/21,44.45733333,1.333333333,1.957333333,0.666666667,33.33333333,0.133333333,0,0,0,0
562,7/16/21,44.226,1.266666667,1.726,0.6,33.33333333,0.133333333,0,0,0,0
563,7/17/21,57.626,1.4,1.792666667,0.666666667,46.66666667,0.2,0,0,0,0
564,7/18/21,60.95933333,1.466666667,1.792666667,0.666666667,50,0.266666667,0,0,0,0
565,7/19/21,60.86666667,1.4,1.7,0.6,50,0.266666667,0,0,0,0
566,7/20/21,54.61866667,1.733333333,2.118666667,1,50,0.266666667,0,0,0,0
567,7/21/21,54.61866667,1.733333333,2.118666667,1,50,0.266666667,0,0,0,0
568,7/22/21,37.952,1.666666667,2.118666667,1,33.33333333,0.2,0,0,0,0
569,7/23/21,37.682,1.533333333,1.848666667,0.866666667,33.33333333,0.2,0,0,0,0
570,7/24/21,70.98933333,1.6,1.822666667,0.866666667,33.33333333,0.2,0,0,0,0
571,7/25/21,70.89666667,1.533333333,1.73,0.8,33.33333333,0.2,0,0,0,0
572,7/26/21,72.56333333,1.6,1.73,0.8,35,0.266666667,0,0,0,0
573,7/27/21,78.71933333,1.6,1.219333333,0.733333333,41.66666667,0.333333333,0,0,0,0
574,7/28/21,78.71933333,1.6,1.219333333,0.733333333,41.66666667,0.333333333,0,0,35.83333333,0.533333333
575,7/29/21,59.55266667,1.066666667,1.219333333,0.733333333,25,0.266666667,0,0,33.33333333,0.066666667
576,7/30/21,62.242,2,1.775333333,1.133333333,27.13333333,0.8,0,0,33.33333333,0.066666667
577,7/31/21,62.242,2,1.775333333,1.133333333,27.13333333,0.8,0,0,33.33333333,0.066666667
578,8/1/21,48.98066667,1.933333333,1.847333333,1.133333333,13.8,0.733333333,0,0,33.33333333,0.066666667
579,8/2/21,45.85066667,1.933333333,2.050666667,1.2,10.46666667,0.666666667,0,0,33.33333333,0.066666667
580,8/3/21,45.85066667,1.933333333,2.050666667,1.2,10.46666667,0.666666667,0,0,33.33333333,0.066666667
581,8/4/21,45.36533333,1.466666667,1.565333333,0.733333333,10.46666667,0.666666667,0,0,33.33333333,0.066666667
582,8/5/21,150.6986667,1.6,1.565333333,0.733333333,115.8,0.8,0,0,33.33333333,0.066666667
583,8/6/21,150.902,1.666666667,1.768666667,0.8,115.8,0.8,0,0,33.33333333,0.066666667
584,8/7/21,150.902,1.666666667,1.768666667,0.8,115.8,0.8,0,0,33.33333333,0.066666667
585,8/8/21,117.502,1.533333333,1.702,0.733333333,115.8,0.8,0,0,0,0
586,8/9/21,117.502,1.533333333,1.702,0.733333333,115.8,0.8,0,0,0,0
587,8/10/21,116.8353333,1.533333333,2.702,0.8,114.1333333,0.733333333,0,0,0,0
588,8/11/21,112.994,1.466666667,2.194,0.733333333,110.8,0.733333333,0,0,0,0
589,8/12/21,112.994,1.466666667,2.194,0.733333333,110.8,0.733333333,0,0,0,0
590,8/13/21,112.994,1.466666667,2.194,0.733333333,110.8,0.733333333,0,0,0,0
591,8/14/21,126.8786667,0.533333333,1.545333333,0.266666667,125.3333333,0.266666667,0,0,0,0
592,8/15/21,163.5453333,0.666666667,1.545333333,0.266666667,158.6666667,0.333333333,0,0,0,0
593,8/16/21,163.4066667,0.6,1.406666667,0.2,158.6666667,0.333333333,0,0,0,0
594,8/17/21,163.2033333,0.533333333,1.203333333,0.133333333,158.6666667,0.333333333,0,0,0,0
595,8/18/21,163.2033333,0.533333333,1.203333333,0.133333333,158.6666667,0.333333333,0,0,0,0
596,8/19/21,168.5366667,1,1.203333333,0.133333333,164,0.8,0,0,0,0
597,8/20/21,64.092,1.066666667,1.758666667,0.266666667,59,0.733333333,0,0,0,0
598,8/21/21,63.88866667,1,1.555333333,0.2,59,0.733333333,0,0,0,0
599,8/22/21,63.95533333,1.066666667,1.622,0.266666667,59,0.733333333,0,0,0,0
600,8/23/21,63.95533333,1.066666667,1.622,0.266666667,59,0.733333333,0,0,0,0
601,8/24/21,90.622,1.2,1.622,0.266666667,85.66666667,0.866666667,0,0,0,0
602,8/25/21,96.28866667,1.2,0.622,0.2,85.66666667,0.866666667,0,0,0,0
603,8/26/21,94.28866667,1.2,0.622,0.2,83.66666667,0.866666667,0,0,0,0
604,8/27/21,101.048,1.333333333,0.714666667,0.266666667,90.33333333,0.933333333,0,0,0,0
605,8/28/21,101.048,1.333333333,0.714666667,0.266666667,90.33333333,0.933333333,0,0,0,0
606,8/29/21,84.38133333,1.266666667,0.714666667,0.266666667,73.66666667,0.866666667,0,0,0,0
607,8/30/21,47.71466667,1.133333333,0.714666667,0.266666667,40.33333333,0.8,0,0,0,0
608,8/31/21,54.38133333,1.2,0.714666667,0.266666667,47,0.866666667,0,0,0,0
609,9/1/21,54.38133333,1.2,0.714666667,0.266666667,47,0.866666667,0,0,0,0
610,9/2/21,55.648,1.866666667,1.314666667,0.866666667,47.66666667,0.933333333,0,0,0,0
611,9/3/21,50.31466667,1.4,1.314666667,0.866666667,42.33333333,0.466666667,0,0,0,0
612,9/4/21,49.426,1.2,0.759333333,0.733333333,42,0.4,0,0,0,0
613,9/5/21,52.826,1.333333333,0.826,0.8,45.33333333,0.466666667,0,0,0,0
614,9/6/21,56.226,1.333333333,0.759333333,0.733333333,48.8,0.533333333,0,0,0,0
615,9/7/21,59.652,1.466666667,0.852,0.8,52.13333333,0.6,0,0,0,0
616,9/8/21,32.98533333,1.333333333,0.852,0.8,25.46666667,0.466666667,0,0,0,0
617,9/9/21,26.31866667,1.266666667,0.852,0.8,25.46666667,0.466666667,0,0,0,0
618,9/10/21,24.98533333,1.2,0.852,0.8,24.13333333,0.4,0,0,0,0
619,9/11/21,18.226,1.066666667,0.759333333,0.733333333,17.46666667,0.333333333,0,0,0,0
620,9/12/21,18.226,1.066666667,0.759333333,0.733333333,17.46666667,0.333333333,0,0,0,0
621,9/13/21,3018.292667,1.2,0.826,0.8,17.46666667,0.333333333,0,0,0,0
622,9/14/21,3024.959333,1.333333333,0.826,0.8,24.13333333,0.466666667,0,0,0,0
623,9/15/21,3022.292667,1.4,0.826,0.8,21.46666667,0.533333333,0,0,0,0
624,9/16/21,3022.292667,1.4,0.826,0.8,21.46666667,0.533333333,0,0,0,0
625,9/17/21,3025.692667,0.866666667,0.226,0.2,25.46666667,0.6,0,0,0,0
626,9/18/21,3034.359333,1,0.226,0.2,34.13333333,0.733333333,0,0,0,0
627,9/19/21,3041.026,1.066666667,0.226,0.2,40.8,0.8,0,0,0,0
628,9/20/21,3037.626,0.933333333,0.159333333,0.133333333,37.46666667,0.733333333,0,0,0,0
629,9/21/21,3035.359333,0.933333333,0.159333333,0.133333333,35.2,0.733333333,0,0,0,0
630,9/22/21,3033.75,1,0.683333333,0.2,33.06666667,0.733333333,0,0,0,0
631,9/23/21,3035.416667,1.066666667,0.683333333,0.2,34.73333333,0.8,0,0,0,0
632,9/24/21,3039.416667,1.2,0.683333333,0.2,38.73333333,0.933333333,0,0,0,0
633,9/25/21,3046.083333,1.333333333,0.683333333,0.2,45.4,1.066666667,0,0,0,0
634,9/26/21,3046.083333,1.333333333,0.683333333,0.2,45.4,1.066666667,0,0,0,0
635,9/27/21,3047.083333,1.466666667,0.683333333,0.2,46.4,1.2,0,0,0,0
636,9/28/21,47.10933333,1.4,0.709333333,0.2,46.4,1.2,0,0,0,0
637,9/29/21,42.44266667,1.333333333,0.709333333,0.2,41.73333333,1.133333333,0,0,0,0
638,9/30/21,39.86866667,1.333333333,2.135333333,0.333333333,37.73333333,1,0,0,0,0
639,10/1/21,73.202,1.4,2.135333333,0.333333333,37.73333333,1,0,0,0,0
640,10/2/21,69.23,1.666666667,2.83,0.733333333,33.06666667,0.866666667,0,0,0,0
641,10/3/21,60.56333333,1.533333333,2.83,0.733333333,24.4,0.733333333,0,0,0,0
642,10/4/21,53.89666667,1.466666667,2.83,0.733333333,17.73333333,0.666666667,0,0,0,0
643,10/5/21,53.89666667,1.466666667,2.83,0.733333333,17.73333333,0.666666667,0,0,0,0
644,10/6/21,52.69666667,1.4,2.83,0.733333333,16.53333333,0.6,0,0,0,0
645,10/7/21,51.806,1.266666667,3.139333333,0.666666667,15.33333333,0.533333333,0,0,0,0
646,10/8/21,54.806,1.4,3.139333333,0.666666667,16.66666667,0.6,0,0,0,0
647,10/9/21,50.89866667,1.333333333,3.232,0.733333333,12.66666667,0.466666667,0,0,0,0
648,10/10/21,44.232,1.2,3.232,0.733333333,6,0.333333333,0,0,0,0
649,10/11/21,44.232,1.2,3.232,0.733333333,6,0.333333333,0,0,0,0
650,10/12/21,43.232,1.066666667,3.232,0.733333333,5,0.2,0,0,0,0
651,10/13/21,51.806,1.2,3.139333333,0.666666667,13.66666667,0.4,0,0,0,0
652,10/14/21,67.47266667,1.466666667,3.139333333,0.666666667,29.33333333,0.666666667,0,0,0,0
653,10/15/21,99.38,1.4,1.713333333,0.533333333,29.33333333,0.666666667,0,0,0,0
654,10/16/21,71.04666667,1.466666667,1.713333333,0.533333333,34.33333333,0.8,0,0,0,0
655,10/17/21,70.352,1.066666667,1.018666667,0.133333333,34.33333333,0.8,0,0,0,0
656,10/18/21,104.6853333,1.4,1.018666667,0.133333333,68.66666667,1.133333333,0,0,0,0
657,10/19/21,208.0186667,1.533333333,1.018666667,0.133333333,72,1.2,0,0,0,0
658,10/20/21,214.0186667,1.866666667,1.018666667,0.133333333,78,1.533333333,0,0,0,0
659,10/21/21,215.352,1.933333333,1.018666667,0.133333333,79.33333333,1.6,0,0,0,0
660,10/22/21,214.4926667,1.933333333,0.159333333,0.133333333,79.33333333,1.6,0,0,0,0
661,10/23/21,213.1593333,1.8,0.159333333,0.133333333,79.66666667,1.533333333,0,0,0,0
662,10/24/21,219.7333333,1.8,0.066666667,0.066666667,86.33333333,1.6,0,0,0,0
663,10/25/21,219.7333333,1.8,0.066666667,0.066666667,86.33333333,1.6,0,0,0,0
664,10/26/21,231.5,2,0.066666667,0.066666667,98.1,1.8,0,0,0,0
665,10/27/21,233.1666667,2.066666667,0.066666667,0.066666667,99.76666667,1.866666667,0,0,0,0
666,10/28/21,224.6873333,1.933333333,0.254,0.133333333,91.1,1.666666667,0,0,0,0
667,10/29/21,223.6873333,1.666666667,0.254,0.133333333,90.1,1.4,0,0,0,0
668,10/30/21,190.354,1.6,0.254,0.133333333,90.1,1.4,0,0,0,0
669,10/31/21,187.996,1.533333333,0.254,0.133333333,85.1,1.266666667,0,0,0,0
670,11/1/21,244.4773333,1.733333333,6.735333333,0.2,85.1,1.266666667,0,0,0,0
671,11/2/21,210.2366667,1.466666667,6.828,0.266666667,50.76666667,0.933333333,0,0,0,0
672,11/3/21,106.9033333,1.333333333,6.828,0.266666667,47.43333333,0.866666667,0,0,0,0
673,11/4/21,100.9033333,1,6.828,0.266666667,41.43333333,0.533333333,0,0,0,0
674,11/5/21,106.2366667,1,6.828,0.266666667,46.76666667,0.533333333,0,0,0,0
675,11/6/21,106.17,0.933333333,6.761333333,0.2,46.76666667,0.533333333,0,0,0,0
676,11/7/21,110.054,1,6.761333333,0.2,50.65066667,0.6,0,0,0,0
677,11/8/21,105.054,1,6.761333333,0.2,45.65066667,0.6,0,0,0,0
678,11/9/21,108.054,1.066666667,6.761333333,0.2,48.65066667,0.666666667,0,0,0,0
679,11/10/21,112.954,0.933333333,6.761333333,0.2,53.55066667,0.533333333,0,0,0,0
680,11/11/21,111.954,0.933333333,6.761333333,0.2,52.55066667,0.533333333,0,0,0,0
681,11/12/21,118.4333333,1,6.574,0.133333333,52.55066667,0.6,0,0,0,0
682,11/13/21,101.7666667,0.933333333,6.574,0.133333333,35.884,0.533333333,0,0,0,0
683,11/14/21,109.1,1.066666667,6.574,0.133333333,43.21733333,0.666666667,0,0,0,0
684,11/15/21,108.1246667,1.066666667,6.574,0.133333333,44.884,0.733333333,0,0,0,0
685,11/16/21,389.9766667,1.133333333,0.092666667,0.066666667,49.884,0.933333333,0,0,0,0
686,11/17/21,391.5506667,1.133333333,0,0,51.55066667,1,0,0,0,0
687,11/18/21,458.2173333,1.2,0,0,51.55066667,1,0,0,0,0
688,11/19/21,458.2173333,1.2,0,0,51.55066667,1,0,0,0,0
689,11/20/21,643.9153333,1.266666667,0,0,178.2173333,1,0,0,0,0
690,11/21/21,644.782,1.4,0.066666667,0.066666667,179.0173333,1.066666667,0,0,0,0
691,11/22/21,707.5646667,1.4,0.066666667,0.066666667,171.8,0.933333333,0,0,0,0
692,11/23/21,706.126,1.4,0.294666667,0.133333333,170.1333333,0.866666667,0,0,0,0
693,11/24/21,709.8593333,1.466666667,0.361333333,0.2,173.8,0.866666667,0,0,0,0
694,11/25/21,697.7586667,1.466666667,4.927333333,0.266666667,157.1333333,0.8,0,0,0,0
695,11/26/21,699.7586667,1.666666667,4.927333333,0.266666667,159.1333333,1,0,0,0,0
696,11/27/21,696.4253333,1.6,4.927333333,0.266666667,162.4666667,1,0,0,0,0
697,11/28/21,703.5486667,1.733333333,5.384,0.333333333,169.1333333,1.066666667,0,0,0,0
698,11/29/21,709.5486667,1.666666667,5.384,0.333333333,175.1333333,1,0,0,0,0
699,11/30/21,813.4053333,3.133333333,5.840666667,0.4,278.5333333,2.4,0,0,0,0
700,12/1/21,574.23,3.666666667,5.998666667,0.533333333,372.5333333,2.866666667,0,0,0,0
701,12/2/21,607.6546667,3.8,6.09,0.6,405.8666667,2.933333333,0,0,0,0
702,12/3/21,544.388,3.866666667,6.156666667,0.666666667,409.2,3,0,0,0,0
703,12/4/21,564.388,4,6.156666667,0.666666667,429.2,3.133333333,0,0,0,0
704,12/5/21,373.7813333,4,6.248,0.733333333,297.5333333,3.133333333,0,0,0,0
705,12/6/21,447.5066667,4.066666667,6.638,0.733333333,296.7333333,3.066666667,0,0,0,0
706,12/7/21,382.1733333,4.066666667,6.638,0.733333333,300.0666667,3.133333333,0,0,0,0
707,12/8/21,386.0366667,4.133333333,6.501333333,0.733333333,300.0666667,3.133333333,0,0,0,0
708,12/9/21,415.97,4.2,6.434666667,0.666666667,313.4,3.2,0,0,0,0
709,12/10/21,442.404,4.533333333,1.868666667,0.6,319.0666667,3.4,0,0,0,0
710,12/11/21,483.404,4.933333333,1.868666667,0.6,338.0666667,3.466666667,0,0,0,0
711,12/12/21,511.2286667,5.4,1.96,0.666666667,362.4666667,3.8,0,0,0,0
712,12/13/21,643.5326667,5.933333333,1.661333333,0.733333333,488.2,4.2,0,0,0,0
713,12/14/21,665.266,6.333333333,1.661333333,0.733333333,509.8666667,4.533333333,0,0,0,0
714,12/15/21,761.4093333,5,1.204666667,0.666666667,473.1333333,3.2,0,0,0,0
715,12/16/21,728.918,4.266666667,1.046666667,0.533333333,374.1333333,2.533333333,0,0,0,0
716,12/17/21,771.4933333,4.533333333,0.955333333,0.466666667,343.1333333,2.666666667,0,0,0,0
717,12/18/21,778.0933333,4.533333333,0.888666667,0.4,346.4666667,2.666666667,0,0,0,0
718,12/19/21,769.76,4.666666667,0.888666667,0.4,334.8,2.733333333,0,0,0,0
719,12/20/21,1004.668667,5,0.797333333,0.333333333,546.4666667,2.933333333,0,0,0,0
720,12/21/21,939.0766667,4.933333333,0.340666667,0.266666667,548.8,3,0,0,0,0
721,12/22/21,974.41,5.133333333,0.340666667,0.266666667,568.8,3.2,0,0,0,0
722,12/23/21,999.252,5.4,0.316,0.266666667,597.6666667,3.533333333,0,0,0,0
723,12/24/21,979.3186667,5.4,0.382666667,0.333333333,594.3333333,3.533333333,0,0,0,0
724,12/25/21,973.3186667,5.266666667,0.382666667,0.333333333,610.3333333,3.533333333,0,0,0,0
725,12/26/21,973.652,4.933333333,0.382666667,0.333333333,608.6666667,3.4,0,0,20,0.066666667
726,12/27/21,1378.407333,4.933333333,1.204666667,0.333333333,595.9333333,3.2,0,0,0,0
727,12/28/21,1367.43,4.866666667,1.163333333,0.266666667,528.5333333,3.066666667,0,0,0,0
728,12/29/21,1379.121333,5,1.254666667,0.333333333,528.2,3,0,0,0,0
729,12/30/21,1232.891333,5.2,1.254666667,0.333333333,508.6366667,3.2,0,0,0,0
730,12/31/21,1439.522667,6.6,4.152666667,0.666666667,667.7033333,3.933333333,0,0,0,0
731,1/1/22,1499.950667,6.8,4.380666667,0.733333333,801.57,4.266666667,0,0,0,0
732,1/2/22,1489.950667,6.666666667,4.380666667,0.733333333,794.9033333,4.2,0,0,0,0
733,1/3/22,1484.950667,6.466666667,4.380666667,0.733333333,793.2366667,4.066666667,0,0,0,0
734,1/4/22,1261.617333,6.133333333,4.380666667,0.733333333,583.2366667,3.866666667,0,0,0,0
735,1/5/22,1254.617333,6.066666667,4.380666667,0.733333333,580.9033333,3.8,0,0,0,0
736,1/6/22,1225.06,6,4.49,0.8,567.9033333,3.733333333,0,0,0,0
737,1/7/22,1196.218,5.666666667,4.514666667,0.8,539.0366667,3.4,0,0,0,0
738,1/8/22,1183.012667,5.666666667,4.642666667,0.866666667,525.7033333,3.333333333,0,0,0,0
739,1/9/22,1158.012667,5.4,4.642666667,0.866666667,504.0366667,3.133333333,0,0,0,0
740,1/10/22,1133.679333,5.266666667,4.642666667,0.866666667,502.0366667,3.066666667,0,0,0,0
741,1/11/22,701.0993333,4.866666667,3.729333333,0.8,490.37,3,0,0,0,0
742,1/12/22,585.9826667,4.4,3.612666667,0.733333333,432.0366667,2.733333333,0,0,0,0
743,1/13/22,584.2246667,4.066666667,3.521333333,0.666666667,434.0366667,2.6,0,0,0,0
744,1/14/22,528.8546667,3.733333333,3.588,0.733333333,385.2666667,2.266666667,0,0,0,0
745,1/15/22,256.3146667,2.4,0.781333333,0.466666667,226.8666667,1.6,0,0,0,0
746,1/16/22,118.22,1.733333333,0.553333333,0.4,89,1,0,0,0,0
747,1/17/22,121.6446667,1.866666667,0.644666667,0.466666667,92.33333333,1.066666667,0,0,0,0
748,1/18/22,115.6446667,1.866666667,0.644666667,0.466666667,86.33333333,1.066666667,0,0,0,0
749,1/19/22,102.3113333,1.733333333,0.644666667,0.466666667,83,1,0,0,0,0
750,1/20/22,106.978,1.733333333,0.644666667,0.466666667,89.66666667,1.066666667,0,0,0,0
751,1/21/22,96.53533333,1.466666667,0.535333333,0.4,79.33333333,0.866666667,0,0,0,0
752,1/22/22,106.444,1.533333333,0.444,0.333333333,89.33333333,1,0,0,0,0
753,1/23/22,119.5826667,1.4,0.249333333,0.2,102.6666667,1,0,0,0,0
754,1/24/22,120.916,1.466666667,0.249333333,0.2,104,1.066666667,0,0,0,0
755,1/25/22,114.5826667,1.333333333,0.249333333,0.2,99.33333333,1,0,0,0,0
756,1/26/22,127.916,1.466666667,0.249333333,0.2,112.6666667,1.133333333,0,0,0,0
757,1/27/22,114.6493333,1.4,0.316,0.266666667,106,1.066666667,0,0,0,0
758,1/28/22,69.64933333,1.133333333,0.316,0.266666667,69.33333333,0.866666667,0,0,0,0
759,1/29/22,69.58266667,1.066666667,0.249333333,0.2,69.33333333,0.866666667,0,0,0,0
760,1/30/22,70.49133333,1,0.158,0.133333333,70.33333333,0.866666667,0,0,0,0
761,1/31/22,70.558,1.066666667,0.224666667,0.2,70.33333333,0.866666667,0,0,0,0
762,2/1/22,69.46666667,1.066666667,0.133333333,0.133333333,69.33333333,0.933333333,0,0,0,0
763,2/2/22,71.13333333,1.066666667,0.133333333,0.133333333,71,0.933333333,0,0,0,0
764,2/3/22,71.13333333,1.066666667,0.133333333,0.133333333,71,0.933333333,0,0,0,0
765,2/4/22,66.13333333,1.066666667,0.133333333,0.133333333,66,0.933333333,0,0,0,0
766,2/5/22,69.6,1.266666667,0.266666667,0.266666667,69.33333333,1,0,0,0,0
767,2/6/22,77,1.333333333,0.333333333,0.333333333,76.66666667,1,0,0,0,0
768,2/7/22,60.33333333,1.266666667,0,0,60,0.933333333,0,0,0,0
769,2/8/22,59,1.2,0,0,58.66666667,0.866666667,0,0,0,0
770,2/9/22,50.66666667,1.333333333,0,0,50.33333333,1,0,0,0,0